{"cameraMode":{"drawMode":0,"name":"Shaded","section":"Shading Mode"},"sceneLighting":false,"audioPlay":false,"sceneViewState":{"showFog":true,"showMaterialUpdate":false,"showSkybox":true,"showFlares":true,"showImageEffects":true,"showParticleSystems":true},"in2DMode":false,"pivot":{"x":0.05565333366394043,"y":1.2602179050445557,"z":-0.807126522064209},"rotation":{"x":-0.20174366235733033,"y":0.19648215174674989,"z":-0.042059190571308139,"w":-0.958605945110321},"size":6.371973991394043,"orthographic":false}