{"cameraMode":{"drawMode":0,"name":"Shaded","section":"Shading Mode"},"sceneLighting":false,"audioPlay":false,"sceneViewState":{"showFog":true,"showMaterialUpdate":false,"showSkybox":true,"showFlares":true,"showImageEffects":true,"showParticleSystems":true},"in2DMode":false,"pivot":{"x":-1.3280344009399415,"y":1.5838539600372315,"z":-0.0527040958404541},"rotation":{"x":-0.20174366235733033,"y":0.19648215174674989,"z":-0.042059190571308139,"w":-0.958605945110321},"size":7.720413684844971,"orthographic":false}