{"cameraMode":{"drawMode":0,"name":"Shaded","section":"Shading Mode"},"sceneLighting":false,"audioPlay":false,"sceneViewState":{"showFog":true,"showMaterialUpdate":false,"showSkybox":true,"showFlares":true,"showImageEffects":true,"showParticleSystems":true},"in2DMode":false,"pivot":{"x":-1.2242852449417115,"y":0.5585405826568604,"z":-0.4610567092895508},"rotation":{"x":-0.20174366235733033,"y":0.19648215174674989,"z":-0.042059190571308139,"w":-0.958605945110321},"size":4.996168613433838,"orthographic":false}